<?xml version="1.0" encoding="UTF-8"?>
<project-private xmlns="http://www.netbeans.org/ns/project-private/1">
    <editor-bookmarks xmlns="http://www.netbeans.org/ns/editor-bookmarks/2" lastBookmarkId="0"/>
    <open-files xmlns="http://www.netbeans.org/ns/projectui-open-files/2">
        <group>
            <file>file:/D:/Dropbox/Java/CSCI232/hashlab/src/hashlab/Hashlab.java</file>
            <file>file:/D:/Dropbox/Java/CSCI232/hashlab/src/hashlab/Data.java</file>
        </group>
    </open-files>
</project-private>
